TEAM_home,TEAM_away,FG_PCT_home,FT_PCT_home,FG3_PCT_home,AST_home,REB_home,FG_PCT_away,FT_PCT_away,FG3_PCT_away,AST_away,REB_away,OREB_home,OREB_away,WSE_home,WSE_away,SEASON_PACE_home,SEASON_PACE_away,SEASON_ORB_home,SEASON_ORB_away
Brooklyn Nets,Los Angeles Lakers,0.474,0.7825,0.3715,25.75,43.1,0.469,0.7605,0.358,24.5,43.7,9.05,9.9,2.845,2.7725,99.3,99.3,22.1,22.1
Oklahoma City Thunder,Philadelphia 76ers,0.4485,0.753,0.3555,23.05,43.45,0.473,0.769,0.3615,24.15,46.6,9.15,10.1,2.7165,2.7995,100.4,100.4,21.2,21.2
Utah Jazz,Sacramento Kings,0.4775,0.7945,0.391,24.45,46.55,0.464,0.7575,0.351,23.95,42.7,10.7,10.05,2.9225,2.7385,99.35,99.35,24,24
Golden State Warriors,Houston Rockets,0.4645,0.779,0.3705,25.95,45.35,0.4475,0.7615,0.3535,23.45,45.15,9.05,9.75,2.8195,2.717,101.95,101.95,18.15,18.15
Phoenix Suns,Washington Wizards,0.4805,0.8045,0.378,25.55,45.15,0.461,0.765,0.347,23.35,43.5,9.4,9.4,2.8995,2.728,100.7,100.7,20.15,20.15
Portland Trail Blazers,Detroit Pistons,0.4615,0.7965,0.376,22.6,44,0.4635,0.7755,0.3635,24.8,44.35,10.2,9.9,2.8475,2.793,97.75,97.75,22.6,22.6
Charlotte Hornets,Atlanta Hawks,0.459,0.79,0.3635,25.45,43.55,0.465,0.778,0.369,26,45.2,10.45,10.65,2.7985,2.815,98.3,98.3,24.55,24.55
Denver Nuggets,Boston Celtics,0.4765,0.779,0.3805,25.25,43.35,0.4685,0.769,0.3685,24.65,42.5,10.05,10.15,2.8735,2.8115,97.4,97.4,24.85,24.85
Cleveland Cavaliers,New Orleans Pelicans,0.4625,0.7665,0.3645,24.95,41.7,0.4795,0.7545,0.3695,25.25,45.1,9.75,10.9,2.785,2.822,97.95,97.95,25.75,25.75
Orlando Magic,Milwaukee Bucks,0.4425,0.785,0.364,23.8,44.75,0.4775,0.77,0.381,25.7,47.2,10.1,9.7,2.762,2.868,100.1,100.1,22.7,22.7
New York Knicks,Toronto Raptors,0.455,0.7805,0.378,23.75,46,0.4435,0.792,0.352,23.6,42.6,10.2,9.45,2.8245,2.735,97.85,97.85,21.9,21.9
Dallas Mavericks,San Antonio Spurs,0.4685,0.7685,0.37,23.6,45.7,0.4555,0.7715,0.3585,23.25,44.3,9.25,9.55,2.8155,2.758,98.35,98.35,19.35,19.35
Memphis Grizzlies,Indiana Pacers,0.4685,0.7825,0.3665,26.35,45.85,0.4695,0.7795,0.365,26.1,42.8,10.85,8.9,2.819,2.8135,100.55,100.55,22.05,22.05
Minnesota Timberwolves,Chicago Bulls,0.4575,0.773,0.3485,24.35,42.5,0.4805,0.796,0.379,26.5,45.8,9.65,9.9,2.7335,2.894,101.05,101.05,22.15,22.15
LA Clippers,Detroit Pistons,0.4805,0.801,0.394,24.5,44.25,0.457,0.779,0.3585,23.6,41.85,9.65,9.3,2.944,2.7685,97.4,97.4,22.5,22.5
Portland Trail Blazers,Miami Heat,0.446,0.811,0.3715,22.85,43.85,0.47,0.783,0.359,25.6,44.25,10.45,9,2.8175,2.8,97.55,97.55,21.1,21.1
New York Knicks,Los Angeles Lakers,0.4525,0.7655,0.365,22.9,43.7,0.4585,0.7515,0.3445,23.65,44.5,9.6,9.6,2.7655,2.702,97.5,97.5,23,23
Orlando Magic,San Antonio Spurs,0.45,0.7715,0.365,23.65,46.85,0.4635,0.7825,0.3625,25.1,45.2,10.2,9.1,2.7665,2.797,98.75,98.75,20.35,20.35
Minnesota Timberwolves,Brooklyn Nets,0.4515,0.774,0.355,24.7,42.65,0.4875,0.795,0.3905,26.6,45.4,10.25,9.6,2.742,2.9415,100.6,100.6,21.95,21.95
Dallas Mavericks,Philadelphia 76ers,0.46,0.772,0.3625,22.95,42.85,0.465,0.7655,0.365,22.7,45.3,9,10.1,2.7795,2.7905,99.1,99.1,21.95,21.95
Memphis Grizzlies,Chicago Bulls,0.47,0.7785,0.353,25.3,44.15,0.473,0.7885,0.368,26,44.5,10.05,9.3,2.7775,2.8385,100.7,100.7,23.1,23.1
New Orleans Pelicans,Sacramento Kings,0.485,0.7665,0.3745,25.75,45.55,0.478,0.77,0.377,26.05,41.4,11.1,9.4,2.86,2.857,99.25,99.25,24.9,24.9
Utah Jazz,Washington Wizards,0.4695,0.7835,0.385,23.8,47.55,0.456,0.768,0.3445,23.5,43.6,10.6,9.7,2.8775,2.7135,101.55,101.55,22.65,22.65
Golden State Warriors,Denver Nuggets,0.465,0.776,0.365,26.75,41.85,0.4725,0.783,0.379,25.6,46.2,8.75,10.55,2.801,2.865,99.7,99.7,20.95,20.95
Phoenix Suns,Houston Rockets,0.4785,0.806,0.3745,25.8,45.8,0.4475,0.755,0.3415,22.35,42.6,9.3,9.3,2.8865,2.6745,99.2,99.2,19.65,19.65
Indiana Pacers,LA Clippers,0.4695,0.7845,0.3625,24.75,41.4,0.477,0.812,0.3965,25,44.85,8.8,10.05,2.811,2.9555,98.8,98.8,21.3,21.3
Toronto Raptors,Atlanta Hawks,0.453,0.8165,0.358,24.3,42.15,0.461,0.8045,0.3745,25.35,46,9.9,10.55,2.7965,2.85,98.45,98.45,23,23
Charlotte Hornets,Los Angeles Lakers,0.456,0.7685,0.3645,25.7,43,0.4715,0.743,0.359,26.1,45,9.8,10.1,2.774,2.763,99.1,99.1,23.05,23.05
Utah Jazz,Oklahoma City Thunder,0.468,0.779,0.3725,24.3,47.75,0.4455,0.7565,0.345,22.4,44,10.45,9.55,2.8325,2.6825,99.5,99.5,21.75,21.75
Phoenix Suns,Miami Heat,0.468,0.811,0.3695,26.2,43.7,0.4585,0.7785,0.347,24,42.65,9.35,8.8,2.8555,2.7365,97.1,97.1,19.75,19.75
Portland Trail Blazers,Boston Celtics,0.4545,0.803,0.377,21.85,43.05,0.4735,0.771,0.373,24.1,45,10.1,10.4,2.843,2.837,98,98,23.95,23.95
Charlotte Hornets,Cleveland Cavaliers,0.4675,0.7735,0.3805,25.55,44,0.459,0.7375,0.35,25.6,43.9,10.3,10.55,2.85,2.7055,98.3,98.3,24,24
Philadelphia 76ers,Brooklyn Nets,0.4695,0.7735,0.3655,23.85,44.15,0.473,0.784,0.378,25.15,43.15,10.15,9.2,2.809,2.864,100.15,100.15,22.85,22.85
Toronto Raptors,San Antonio Spurs,0.4575,0.793,0.373,24.6,44.5,0.4585,0.7885,0.3655,25.35,45.25,9.65,9.7,2.827,2.802,99.35,99.35,19.65,19.65
Detroit Pistons,LA Clippers,0.457,0.779,0.3585,23.6,41.85,0.4805,0.801,0.394,24.5,44.25,9.3,9.65,2.7685,2.944,97.4,97.4,22.5,22.5
Chicago Bulls,Orlando Magic,0.4745,0.7925,0.37,26.25,45.75,0.4525,0.7785,0.351,23.15,44,9.35,9.7,2.8515,2.7365,99.5,99.5,21.9,21.9
Minnesota Timberwolves,Milwaukee Bucks,0.4475,0.7795,0.3615,25,43.25,0.4835,0.7735,0.39,25.95,47.25,10.05,10.25,2.759,2.9105,101.65,101.65,22.95,22.95
New Orleans Pelicans,New York Knicks,0.4615,0.7465,0.3465,24.45,45.1,0.4625,0.783,0.387,23.75,43,10.6,9.5,2.709,2.869,97.35,97.35,25.2,25.2
Houston Rockets,Indiana Pacers,0.455,0.762,0.3565,24.35,43.85,0.4705,0.782,0.3685,25.7,44.9,9.75,9.45,2.7415,2.8285,100.8,100.8,19.5,19.5
Oklahoma City Thunder,Golden State Warriors,0.4505,0.76,0.3595,23.35,46.45,0.465,0.773,0.3615,26.2,44.9,9.7,9,2.7395,2.7875,101.4,101.4,17.75,17.75
Memphis Grizzlies,Dallas Mavericks,0.4595,0.7715,0.359,24.5,45.45,0.467,0.7755,0.364,23.9,43.8,10.6,8.8,2.7675,2.8015,99.2,99.2,22,22
Denver Nuggets,Miami Heat,0.468,0.787,0.375,26.25,44.15,0.465,0.781,0.3545,26.15,41.75,10.4,8.75,2.848,2.7745,96.95,96.95,22,22
Sacramento Kings,Washington Wizards,0.477,0.7585,0.37,24.9,44.55,0.477,0.78,0.3695,25.1,44.45,10.1,9.85,2.8225,2.8425,102.1,102.1,21.45,21.45
Atlanta Hawks,Milwaukee Bucks,0.4585,0.801,0.3745,24.7,44.5,0.473,0.7825,0.37,24.85,45.5,10.25,10.35,2.8415,2.8385,99.55,99.55,24.6,24.6
Cleveland Cavaliers,Golden State Warriors,0.4535,0.7575,0.353,23.8,45.45,0.469,0.7765,0.375,25.85,43.25,10.55,9.05,2.7235,2.8395,99.95,99.95,20.85,20.85
Los Angeles Lakers,Boston Celtics,0.47,0.759,0.3635,23.95,43.7,0.461,0.7645,0.3625,23.9,42.9,9.6,9.95,2.7895,2.774,98.45,98.45,23.8,23.8
Phoenix Suns,Sacramento Kings,0.4885,0.8155,0.384,26.2,44.15,0.469,0.7545,0.3535,23.8,42.6,9.5,9.75,2.9445,2.753,98.5,98.5,21.5,21.5
Utah Jazz,Indiana Pacers,0.469,0.7865,0.3835,24.7,46.85,0.4595,0.7795,0.353,24.5,42.4,10.7,9.5,2.875,2.7575,99.55,99.55,22.55,22.55
Detroit Pistons,Oklahoma City Thunder,0.4585,0.7705,0.3555,24.8,44.9,0.4615,0.7495,0.36,23.75,44.55,9.9,9.3,2.754,2.7525,98.85,98.85,20.3,20.3
Philadelphia 76ers,LA Clippers,0.4715,0.7775,0.3645,22.95,43.55,0.4675,0.8045,0.3895,23.8,43.15,9.5,9.5,2.814,2.908,98.95,98.95,23.4,23.4
Washington Wizards,New Orleans Pelicans,0.47,0.7805,0.3705,25.6,42.3,0.477,0.7555,0.3685,25.1,46.55,9.05,11,2.832,2.815,101.45,101.45,23.55,23.55
Brooklyn Nets,Charlotte Hornets,0.4805,0.771,0.379,27.25,44.6,0.46,0.7745,0.371,25.6,43.2,9.75,10.3,2.869,2.8075,99.5,99.5,22.55,22.55
Toronto Raptors,Orlando Magic,0.4575,0.804,0.369,25.15,43.85,0.445,0.7885,0.364,24.45,46.25,9.25,10.4,2.826,2.7705,99,99,21.1,21.1
Chicago Bulls,Memphis Grizzlies,0.473,0.7885,0.368,26,44.5,0.47,0.7785,0.353,25.3,44.15,9.3,10.05,2.8385,2.7775,100.7,100.7,23.1,23.1
Houston Rockets,Denver Nuggets,0.454,0.7575,0.349,24.5,41.7,0.4785,0.782,0.38,25.85,46.25,9.25,10.35,2.7125,2.879,99.05,99.05,21.9,21.9
Minnesota Timberwolves,Miami Heat,0.444,0.7805,0.355,25.15,43.45,0.471,0.789,0.3675,26.25,44.45,10.3,9.1,2.7335,2.8335,99.3,99.3,20.8,20.8
San Antonio Spurs,Portland Trail Blazers,0.4685,0.78,0.363,24.7,45.05,0.457,0.7965,0.379,22.55,45.75,9.55,10.3,2.806,2.8475,98.55,98.55,20.9,20.9
Dallas Mavericks,New York Knicks,0.4545,0.7675,0.349,22.6,43.8,0.452,0.7635,0.371,21.65,45.05,9.05,10.05,2.7235,2.7805,96.85,96.85,21.6,21.6
Los Angeles Lakers,Utah Jazz,0.461,0.7595,0.3475,23.35,44.1,0.4605,0.7775,0.37,24.1,45.1,9.95,10,2.724,2.8085,98.85,98.85,23.9,23.9
Washington Wizards,Detroit Pistons,0.472,0.761,0.3595,24.85,44.15,0.46,0.775,0.368,24.3,44.7,9.45,10.05,2.7835,2.799,100.9,100.9,21.2,21.2
Chicago Bulls,Cleveland Cavaliers,0.4785,0.7885,0.376,25.5,44.5,0.4625,0.754,0.3425,23.65,42.45,9.85,9.75,2.8735,2.7065,98.95,98.95,23.25,23.25
Boston Celtics,Golden State Warriors,0.462,0.773,0.373,23.6,45.95,0.4625,0.776,0.371,25.35,42.45,10.65,8.75,2.816,2.814,100.3,100.3,21.1,21.1
Milwaukee Bucks,Memphis Grizzlies,0.476,0.766,0.379,25.45,45.95,0.46,0.785,0.366,25.95,44.9,9.65,10.45,2.855,2.803,101.3,101.3,23.9,23.9
Phoenix Suns,San Antonio Spurs,0.479,0.7965,0.377,25.9,45.6,0.457,0.7755,0.351,23.1,43.45,9.2,9.35,2.8855,2.7425,98.1,98.1,19.55,19.55
Atlanta Hawks,Indiana Pacers,0.467,0.7985,0.375,25.1,45.45,0.4665,0.796,0.356,25.5,42.35,10.65,9.6,2.8575,2.797,98.8,98.8,22.75,22.75
New York Knicks,New Orleans Pelicans,0.4625,0.783,0.387,23.75,43,0.4615,0.7465,0.3465,24.45,45.1,9.5,10.6,2.869,2.709,97.35,97.35,25.2,25.2
Miami Heat,Brooklyn Nets,0.4615,0.7825,0.355,25.3,42.35,0.4705,0.795,0.378,26.1,44.1,9.05,9.6,2.7705,2.87,98.4,98.4,20.45,20.45
Charlotte Hornets,Portland Trail Blazers,0.4685,0.775,0.375,25.9,45.1,0.456,0.787,0.3725,24,44.35,10.25,10.6,2.837,2.8165,98.65,98.65,23.2,23.2
Orlando Magic,Houston Rockets,0.4495,0.781,0.3625,23.55,47.05,0.454,0.762,0.353,24.35,44.35,10.3,9.05,2.7675,2.729,99.85,99.85,20.45,20.45
Toronto Raptors,Oklahoma City Thunder,0.4575,0.7965,0.3615,24.75,44.25,0.452,0.7665,0.362,24.5,45.7,9.7,9.6,2.796,2.7565,99.9,99.9,19.35,19.35
Dallas Mavericks,Sacramento Kings,0.478,0.7875,0.377,23.9,44.25,0.4675,0.7505,0.361,23.95,43.45,9.55,9.95,2.8745,2.7685,98.75,98.75,21.3,21.3
LA Clippers,Minnesota Timberwolves,0.482,0.8155,0.402,25.25,45.4,0.4535,0.778,0.354,23.8,42.05,9.9,9.6,2.9855,2.747,99.4,99.4,22.5,22.5
Detroit Pistons,Cleveland Cavaliers,0.4625,0.774,0.369,24.45,43.25,0.4645,0.747,0.3535,24.2,43.55,9.95,10.15,2.806,2.7365,97.4,97.4,23.4,23.4
Boston Celtics,Chicago Bulls,0.471,0.7695,0.3625,23.45,42.95,0.472,0.788,0.372,25,43.7,9.85,9.55,2.799,2.848,99.3,99.3,23.5,23.5
Philadelphia 76ers,Golden State Warriors,0.4665,0.776,0.3695,23.65,47,0.4565,0.773,0.3655,25.4,42.3,10.35,8.7,2.8175,2.7825,101.6,101.6,20.65,20.65
Indiana Pacers,San Antonio Spurs,0.471,0.7725,0.371,25.8,44.7,0.4645,0.7825,0.366,25.1,44.7,9.35,9.8,2.8275,2.8095,99.7,99.7,19.4,19.4
Miami Heat,Houston Rockets,0.4645,0.784,0.36,25.35,45.25,0.443,0.7655,0.3495,24.1,43.1,9.05,9.6,2.793,2.7,99.2,99.2,19.2,19.2
Washington Wizards,Oklahoma City Thunder,0.4675,0.7645,0.351,24.95,45.65,0.4585,0.7575,0.364,23.35,45.85,9.6,9.6,2.7525,2.7665,102.25,102.25,19.2,19.2
Milwaukee Bucks,Phoenix Suns,0.471,0.763,0.3695,23.7,45.45,0.4715,0.81,0.376,26.05,43.5,9.95,9.1,2.8135,2.881,99.45,99.45,21.9,21.9
Denver Nuggets,Memphis Grizzlies,0.4775,0.7795,0.3765,26.25,44.15,0.4675,0.778,0.359,26.5,43.7,9.8,10.35,2.864,2.79,98.8,98.8,24.45,24.45
Los Angeles Lakers,Utah Jazz,0.461,0.7595,0.3475,23.35,44.1,0.4605,0.7775,0.37,24.1,45.1,9.95,10,2.724,2.8085,98.85,98.85,23.9,23.9
Atlanta Hawks,Orlando Magic,0.466,0.7985,0.3715,25.1,45.95,0.4455,0.795,0.35,23.35,44.5,9.95,10.45,2.845,2.736,97.85,97.85,23.7,23.7
New York Knicks,Charlotte Hornets,0.459,0.754,0.3725,24.4,45.2,0.4495,0.7655,0.3575,24.75,44,10.3,10,2.7895,2.737,97.7,97.7,23.45,23.45
New Orleans Pelicans,Brooklyn Nets,0.472,0.7555,0.36,25.3,44.3,0.484,0.8,0.3935,26.6,42.4,10.9,8.95,2.7795,2.9485,99.15,99.15,24.3,24.3
Portland Trail Blazers,LA Clippers,0.4555,0.8085,0.3705,21.5,42.45,0.481,0.8095,0.3935,24.6,45.2,9.75,9.8,2.831,2.952,97.65,97.65,22.8,22.8
Sacramento Kings,Minnesota Timberwolves,0.4815,0.765,0.374,26.05,44.4,0.4645,0.785,0.3695,25.15,43.9,10.05,10.45,2.85,2.8225,100.7,100.7,22.55,22.55
Cleveland Cavaliers,Chicago Bulls,0.4625,0.754,0.3425,23.65,42.45,0.4785,0.7885,0.376,25.5,44.5,9.75,9.85,2.7065,2.8735,98.95,98.95,23.25,23.25
Indiana Pacers,Oklahoma City Thunder,0.471,0.776,0.3595,25.95,44.45,0.458,0.7605,0.3625,24.25,45.15,9.4,9.7,2.7965,2.764,100.25,100.25,19.1,19.1
Philadelphia 76ers,Phoenix Suns,0.4665,0.7695,0.3575,22.55,44.45,0.4705,0.8,0.3695,25.25,42.75,9.9,8.95,2.775,2.8495,98.85,98.85,22.15,22.15
Toronto Raptors,Brooklyn Nets,0.454,0.801,0.3655,24.45,41.8,0.4765,0.7975,0.3845,26.6,45.4,9.75,9.65,2.8055,2.904,99.65,99.65,21,21
Washington Wizards,Golden State Warriors,0.461,0.7715,0.359,24.45,46.05,0.4665,0.7775,0.374,25.7,44.7,9.85,9.15,2.7705,2.8325,103.45,103.45,18.65,18.65
New York Knicks,Atlanta Hawks,0.4555,0.787,0.364,22.65,44.25,0.452,0.7865,0.3545,23.55,44.7,10.25,10.15,2.79,2.754,96.7,96.7,24.5,24.5
Houston Rockets,Utah Jazz,0.4425,0.758,0.339,22.5,42.7,0.4675,0.785,0.3815,24.05,48.2,9.6,10.5,2.66,2.8645,100.05,100.05,22.15,22.15
Dallas Mavericks,Detroit Pistons,0.473,0.7685,0.367,23.65,43.95,0.4505,0.767,0.359,23.35,43.6,9.15,9.9,2.8155,2.745,97.55,97.55,21.05,21.05
San Antonio Spurs,Miami Heat,0.4525,0.786,0.359,24.85,43.95,0.465,0.7745,0.3625,25.45,45.05,9.65,8.95,2.768,2.792,98.1,98.1,19.1,19.1
LA Clippers,Memphis Grizzlies,0.4745,0.808,0.391,24.75,44.1,0.466,0.7835,0.3585,24.75,43.7,9.3,10,2.93,2.791,99.05,99.05,23.45,23.45
Portland Trail Blazers,Denver Nuggets,0.457,0.803,0.371,23.25,42.45,0.484,0.781,0.379,26.1,45.25,10.1,10.3,2.83,2.886,97.4,97.4,23.8,23.8
Sacramento Kings,Minnesota Timberwolves,0.4815,0.765,0.374,26.05,44.4,0.4645,0.785,0.3695,25.15,43.9,10.05,10.45,2.85,2.8225,100.7,100.7,22.55,22.55
Boston Celtics,Phoenix Suns,0.462,0.7665,0.361,22.5,43.4,0.4765,0.803,0.375,25.2,42.9,10.2,9,2.7735,2.881,97.55,97.55,22.6,22.6
Orlando Magic,New Orleans Pelicans,0.4525,0.791,0.373,24.45,43.25,0.4755,0.7585,0.3635,26,46.35,9.7,10.4,2.815,2.8,98.5,98.5,24.4,24.4
Milwaukee Bucks,Philadelphia 76ers,0.469,0.7625,0.3775,24.5,45,0.4655,0.779,0.372,24.15,44.75,9.85,9.95,2.833,2.826,101.2,101.2,23.85,23.85
San Antonio Spurs,Detroit Pistons,0.468,0.7715,0.3635,24.6,44.1,0.4585,0.767,0.367,24.65,45.15,9.4,9.85,2.798,2.785,98.3,98.3,20.6,20.6
Chicago Bulls,Charlotte Hornets,0.4735,0.772,0.3675,27.15,45,0.466,0.7735,0.3645,25.25,43.05,10.05,9.7,2.8215,2.799,99.95,99.95,22.75,22.75
Dallas Mavericks,Los Angeles Lakers,0.461,0.7705,0.356,23.55,42.8,0.4645,0.7525,0.3575,23.35,44.85,8.85,9.85,2.7605,2.754,98.25,98.25,21.2,21.2
Atlanta Hawks,Miami Heat,0.455,0.802,0.368,24.85,44.7,0.4605,0.798,0.3475,25.15,42.7,10.5,9.2,2.816,2.7615,97.2,97.2,22.45,22.45
Brooklyn Nets,Boston Celtics,0.479,0.787,0.3835,25.1,43.3,0.465,0.7705,0.369,23.8,43.1,9.25,10.45,2.8955,2.8075,98.85,98.85,23.3,23.3
Charlotte Hornets,Cleveland Cavaliers,0.4675,0.7735,0.3805,25.55,44,0.459,0.7375,0.35,25.6,43.9,10.3,10.55,2.85,2.7055,98.3,98.3,24,24
Houston Rockets,LA Clippers,0.4525,0.763,0.3485,22.75,41.7,0.4755,0.8105,0.3945,24.35,46.2,8.9,9.85,2.7135,2.945,99.3,99.3,20.9,20.9
Oklahoma City Thunder,Washington Wizards,0.4585,0.7575,0.364,23.35,45.85,0.4675,0.7645,0.351,24.95,45.65,9.6,9.6,2.7665,2.7525,102.25,102.25,19.2,19.2
Golden State Warriors,Denver Nuggets,0.465,0.776,0.365,26.75,41.85,0.4725,0.783,0.379,25.6,46.2,8.75,10.55,2.801,2.865,99.7,99.7,20.95,20.95
Portland Trail Blazers,Memphis Grizzlies,0.4555,0.8035,0.373,22.85,43.85,0.4725,0.78,0.3635,25.95,46.2,9.85,10.6,2.8335,2.8155,99.4,99.4,23.55,23.55
New York Knicks,Toronto Raptors,0.455,0.7805,0.378,23.75,46,0.4435,0.792,0.352,23.6,42.6,10.2,9.45,2.8245,2.735,97.85,97.85,21.9,21.9
Milwaukee Bucks,Philadelphia 76ers,0.469,0.7625,0.3775,24.5,45,0.4655,0.779,0.372,24.15,44.75,9.85,9.95,2.833,2.826,101.2,101.2,23.85,23.85
Indiana Pacers,Detroit Pistons,0.4755,0.7725,0.368,25.85,42.95,0.4595,0.778,0.3665,25.2,44,9.25,10.15,2.8275,2.7965,98.9,98.9,21.1,21.1
Miami Heat,Chicago Bulls,0.4675,0.7815,0.3485,24.95,42.2,0.4635,0.796,0.3665,26,44.5,8.45,9.9,2.762,2.8225,98.85,98.85,20.65,20.65
New Orleans Pelicans,San Antonio Spurs,0.4755,0.7475,0.3675,25.45,47,0.466,0.791,0.3745,25.35,42.25,10.8,9,2.801,2.8465,98.85,98.85,22.95,22.95
Dallas Mavericks,Los Angeles Lakers,0.461,0.7705,0.356,23.55,42.8,0.4645,0.7525,0.3575,23.35,44.85,8.85,9.85,2.7605,2.754,98.25,98.25,21.2,21.2
Utah Jazz,Minnesota Timberwolves,0.474,0.79,0.389,24.95,47.4,0.4435,0.773,0.3445,23.55,43.05,10.55,10.3,2.905,2.6935,100.15,100.15,23.75,23.75
Denver Nuggets,Houston Rockets,0.4785,0.782,0.38,25.85,46.25,0.454,0.7575,0.349,24.5,41.7,10.35,9.25,2.879,2.7125,99.05,99.05,21.9,21.9
Charlotte Hornets,Boston Celtics,0.461,0.773,0.3765,25.05,43.2,0.4675,0.753,0.37,25.4,44.4,10,10.65,2.8245,2.798,98.65,98.65,24.25,24.25
Brooklyn Nets,Phoenix Suns,0.475,0.7845,0.37,24.35,43.6,0.4755,0.8045,0.3695,25.75,42.9,9.3,9.3,2.8445,2.864,98.4,98.4,20.9,20.9
Portland Trail Blazers,Memphis Grizzlies,0.4555,0.8035,0.373,22.85,43.85,0.4725,0.78,0.3635,25.95,46.2,9.85,10.6,2.8335,2.8155,99.4,99.4,23.55,23.55
Washington Wizards,Cleveland Cavaliers,0.4715,0.768,0.3645,24.6,44,0.4615,0.755,0.3575,23.8,44.85,9.65,10.45,2.8045,2.7505,100.8,100.8,22.3,22.3
Atlanta Hawks,Milwaukee Bucks,0.4585,0.801,0.3745,24.7,44.5,0.473,0.7825,0.37,24.85,45.5,10.25,10.35,2.8415,2.8385,99.55,99.55,24.6,24.6
Orlando Magic,Indiana Pacers,0.451,0.7825,0.3645,24.2,45.7,0.471,0.7835,0.367,26.35,44.05,10.5,8.95,2.778,2.8265,99.35,99.35,20.85,20.85
Golden State Warriors,Sacramento Kings,0.4745,0.7885,0.38,26.35,43.7,0.469,0.761,0.3655,24.9,45.15,9.25,10.2,2.8775,2.7955,101.25,101.25,20,20
Detroit Pistons,Atlanta Hawks,0.454,0.7905,0.352,24.35,42.8,0.4705,0.7875,0.3725,24.6,44.85,10.1,10.25,2.7545,2.846,97.4,97.4,23.95,23.95
Orlando Magic,Los Angeles Lakers,0.4425,0.7735,0.351,23.6,43.95,0.4725,0.7635,0.3615,25.2,45.75,9.8,9.4,2.7115,2.793,98.65,98.65,22.2,22.2
Philadelphia 76ers,Oklahoma City Thunder,0.473,0.769,0.3615,24.15,46.6,0.4485,0.753,0.3555,23.05,43.45,10.1,9.15,2.7995,2.7165,100.4,100.4,21.2,21.2
Washington Wizards,San Antonio Spurs,0.4675,0.761,0.3625,24.8,45.9,0.465,0.7795,0.3675,24.2,45.4,9.55,9.7,2.7835,2.812,101.7,101.7,19.5,19.5
New York Knicks,Phoenix Suns,0.4535,0.7675,0.3635,21.5,44.2,0.465,0.7955,0.356,24.9,43.7,9.85,9,2.765,2.7935,96.6,96.6,21.8,21.8
Toronto Raptors,Cleveland Cavaliers,0.4615,0.8,0.375,24.4,42.6,0.455,0.764,0.3555,24.95,44.7,9.75,10.45,2.848,2.7405,98.45,98.45,22.45,22.45
Miami Heat,Chicago Bulls,0.4675,0.7815,0.3485,24.95,42.2,0.4635,0.796,0.3665,26,44.5,8.45,9.9,2.762,2.8225,98.85,98.85,20.65,20.65
Minnesota Timberwolves,Utah Jazz,0.4435,0.773,0.3445,23.55,43.05,0.474,0.79,0.389,24.95,47.4,10.3,10.55,2.6935,2.905,100.15,100.15,23.75,23.75
New Orleans Pelicans,LA Clippers,0.474,0.7595,0.359,24.4,43.7,0.4785,0.8205,0.405,25.25,42.4,10.25,9.25,2.7845,2.9925,97.95,97.95,24.85,24.85
Denver Nuggets,Memphis Grizzlies,0.4775,0.7795,0.3765,26.25,44.15,0.4675,0.778,0.359,26.5,43.7,9.8,10.35,2.864,2.79,98.8,98.8,24.45,24.45
Sacramento Kings,Dallas Mavericks,0.4675,0.7505,0.361,23.95,43.45,0.478,0.7875,0.377,23.9,44.25,9.95,9.55,2.7685,2.8745,98.75,98.75,21.3,21.3
Boston Celtics,Oklahoma City Thunder,0.4685,0.766,0.365,24.1,45.55,0.4545,0.756,0.361,23,43.6,10.4,9.2,2.798,2.748,99.1,99.1,21.65,21.65
Charlotte Hornets,Milwaukee Bucks,0.456,0.78,0.3775,25.9,43.8,0.4765,0.7495,0.3785,26.6,46.45,10.1,10.4,2.8245,2.838,100.55,100.55,23.55,23.55
Indiana Pacers,Portland Trail Blazers,0.476,0.781,0.3675,25.95,43.9,0.458,0.8075,0.3785,23.1,44.6,9.4,10.6,2.8355,2.859,99.15,99.15,21.4,21.4
Toronto Raptors,Brooklyn Nets,0.454,0.801,0.3655,24.45,41.8,0.4765,0.7975,0.3845,26.6,45.4,9.75,9.65,2.8055,2.904,99.65,99.65,21,21
Houston Rockets,Minnesota Timberwolves,0.46,0.7655,0.362,24.6,44.4,0.4545,0.7755,0.36,24.75,45.55,9.6,10.25,2.7715,2.7645,101.4,101.4,20.7,20.7
Golden State Warriors,Dallas Mavericks,0.457,0.7695,0.365,24.75,43.6,0.462,0.779,0.3665,23.25,45.85,9,9.55,2.7785,2.8025,100.1,100.1,18.5,18.5
Cleveland Cavaliers,Orlando Magic,0.46,0.758,0.3525,24.7,44.65,0.454,0.7785,0.367,23.45,44.95,9.85,10.3,2.7355,2.7875,97.85,97.85,23.15,23.15
Philadelphia 76ers,Atlanta Hawks,0.4685,0.789,0.358,23.7,44.5,0.4575,0.791,0.368,23.9,43.75,10.3,10.1,2.8,2.81,98.95,98.95,24.85,24.85
Washington Wizards,Los Angeles Lakers,0.46,0.763,0.3485,24.75,43,0.474,0.7605,0.3665,24.3,45.95,9.15,10,2.7285,2.808,101.6,101.6,21.35,21.35
Boston Celtics,Charlotte Hornets,0.4675,0.753,0.37,25.4,44.4,0.461,0.773,0.3765,25.05,43.2,10.65,10,2.798,2.8245,98.65,98.65,24.25,24.25
New York Knicks,Chicago Bulls,0.4625,0.7705,0.365,22.45,43.75,0.4605,0.7805,0.353,24.7,44.5,9.5,9.55,2.7905,2.7605,98.35,98.35,22.7,22.7
Miami Heat,San Antonio Spurs,0.465,0.7745,0.3625,25.45,45.05,0.4525,0.786,0.359,24.85,43.95,8.95,9.65,2.792,2.768,98.1,98.1,19.1,19.1
Memphis Grizzlies,Portland Trail Blazers,0.4725,0.78,0.3635,25.95,46.2,0.4555,0.8035,0.373,22.85,43.85,10.6,9.85,2.8155,2.8335,99.4,99.4,23.55,23.55
Denver Nuggets,New Orleans Pelicans,0.4815,0.792,0.3905,26.75,42.45,0.4755,0.754,0.3595,26.15,43.7,9.75,10.6,2.9265,2.7835,97.7,97.7,25.85,25.85
Phoenix Suns,LA Clippers,0.4775,0.8085,0.3685,24.85,42.3,0.4695,0.805,0.3815,23,43.6,8.65,9.6,2.869,2.8885,97.2,97.2,21.45,21.45
Sacramento Kings,Utah Jazz,0.464,0.7575,0.351,23.95,42.7,0.4775,0.7945,0.391,24.45,46.55,10.05,10.7,2.7385,2.9225,99.35,99.35,24,24
Detroit Pistons,Dallas Mavericks,0.4505,0.767,0.359,23.35,43.6,0.473,0.7685,0.367,23.65,43.95,9.9,9.15,2.745,2.8155,97.55,97.55,21.05,21.05
Indiana Pacers,Brooklyn Nets,0.4675,0.7805,0.3635,25.65,42,0.4825,0.7915,0.385,26.35,44.85,9.45,9.75,2.806,2.9115,100,100,20.75,20.75
Houston Rockets,Milwaukee Bucks,0.4465,0.7645,0.356,23.95,42.9,0.477,0.7685,0.3825,25.05,48.05,9.35,10.2,2.7255,2.87,101.55,101.55,21.35,21.35
Minnesota Timberwolves,Golden State Warriors,0.4485,0.7765,0.359,24.5,45.5,0.471,0.784,0.378,26.85,44.55,10.45,9.1,2.7505,2.86,102.05,102.05,19.75,19.75
Oklahoma City Thunder,New Orleans Pelicans,0.4595,0.769,0.371,24.5,42.7,0.4755,0.751,0.356,25.6,46.75,8.9,10.85,2.801,2.77,99.4,99.4,22.65,22.65
Denver Nuggets,Toronto Raptors,0.474,0.7895,0.3815,26.75,45.45,0.4575,0.7995,0.365,25.3,41.2,10.45,9.45,2.882,2.8095,98.2,98.2,22.55,22.55
Philadelphia 76ers,Atlanta Hawks,0.4685,0.789,0.358,23.7,44.5,0.4575,0.791,0.368,23.9,43.75,10.3,10.1,2.8,2.81,98.95,98.95,24.85,24.85
Boston Celtics,San Antonio Spurs,0.4685,0.7625,0.3765,23.95,45.8,0.461,0.778,0.3645,23.85,43.15,10.35,9.3,2.829,2.7935,98.55,98.55,21.95,21.95
Cleveland Cavaliers,Washington Wizards,0.4615,0.755,0.3575,23.8,44.85,0.4715,0.768,0.3645,24.6,44,10.45,9.65,2.7505,2.8045,100.8,100.8,22.3,22.3
Brooklyn Nets,Portland Trail Blazers,0.4865,0.789,0.382,25.95,45.2,0.4535,0.8045,0.3715,22.4,43.05,9.5,10.4,2.908,2.826,98.85,98.85,22.25,22.25
Memphis Grizzlies,Orlando Magic,0.4675,0.7825,0.363,26.35,46.35,0.4485,0.7785,0.359,23.95,44.95,10.15,9.75,2.8065,2.7525,99.6,99.6,23,23
Chicago Bulls,Milwaukee Bucks,0.467,0.795,0.373,25.85,44.3,0.48,0.766,0.371,24.65,45,9.65,9.6,2.848,2.839,101.2,101.2,22.8,22.8
Phoenix Suns,Utah Jazz,0.4675,0.8035,0.359,24.6,43.3,0.4615,0.7795,0.3685,22.7,45.6,9.35,10.25,2.8155,2.808,97.95,97.95,22.7,22.7
Los Angeles Lakers,Sacramento Kings,0.482,0.7715,0.3725,24.95,44.95,0.468,0.7525,0.355,25.2,42.1,10.1,9.5,2.853,2.7535,99.4,99.4,22.7,22.7
